"entidad","tipo_de_fuente","pm_25","co","so2","nox"
"Puebla","Fuentes fijas",9.284,38.683,2424.366,282.029
"Puebla","Fuentes de área",106.562,750.302,2.781,31.949
"Puebla","Fuentes móviles carreteros",49.722,1984.24,14.924,567.05
"Puebla","Fuentes móviles que no circulan por carretera",2.281,10.698,1.032,85.311
"Puebla","Fuentes de área",44.092,304.4,1.075,9.485
"Puebla","Fuentes móviles carreteros",1.377,150.069,0.749,28.463
"Puebla","Fuentes móviles que no circulan por carretera",0.521,2.828,0.307,8.785
"Puebla","Fuentes de área",98.794,694.283,2.523,25.836
"Puebla","Fuentes móviles carreteros",39.963,2571.222,15.661,591.856
"Puebla","Fuentes móviles que no circulan por carretera",0.371,2.014,0.219,6.258
"Puebla","Fuentes de área",100.156,743.883,2.658,28.894
"Puebla","Fuentes móviles carreteros",31.695,1471.863,10.294,387.101
"Puebla","Fuentes móviles que no circulan por carretera",0.577,3.133,0.34,9.733
"Puebla","Fuentes de área",23.806,152.449,0.571,6.206
"Puebla","Fuentes móviles carreteros",0.037,26.389,0.111,4.987
"Puebla","Fuentes móviles que no circulan por carretera",0.109,0.589,0.064,1.83
"Puebla","Fuentes de área",69.792,586.137,2.03,16.883
"Puebla","Fuentes móviles carreteros",2.575,109.823,0.819,31.388
"Puebla","Fuentes móviles que no circulan por carretera",0.086,0.469,0.051,1.458
"Puebla","Fuentes de área",20.555,152.067,0.54,4.361
"Puebla","Fuentes móviles carreteros",0.1,58.861,0.217,8.743
"Puebla","Fuentes móviles que no circulan por carretera",0.085,0.461,0.05,1.433
"Puebla","Fuentes de área",29.837,221.465,0.889,7.651
"Puebla","Fuentes móviles carreteros",53.192,385.934,9.131,294.255
"Puebla","Fuentes móviles que no circulan por carretera",0.364,1.8,0.182,10.986
"Puebla","Fuentes de área",14.363,71.815,0.329,2.598
"Puebla","Fuentes móviles carreteros",1.358,187.275,0.916,35.58
"Puebla","Fuentes móviles que no circulan por carretera",0.115,0.624,0.068,1.939
"Puebla","Fuentes de área",498.74,2554.433,9.741,86.208
"Puebla","Fuentes móviles carreteros",20.491,701.746,5.788,222.385
"Puebla","Fuentes móviles que no circulan por carretera",0.475,2.578,0.28,8.007
"Puebla","Fuentes de área",8.616,66.167,0.231,2.014
"Puebla","Fuentes móviles carreteros",0.143,39.047,0.163,6.333
"Puebla","Fuentes móviles que no circulan por carretera",0.028,0.151,0.016,0.469
"Puebla","Fuentes de área",22.837,142.485,0.774,5.312
"Puebla","Fuentes móviles carreteros",4.269,208.15,1.357,51.572
"Puebla","Fuentes móviles que no circulan por carretera",0.218,1.183,0.129,3.675
"Puebla","Fuentes de área",59.889,455.594,1.712,19.112
"Puebla","Fuentes móviles carreteros",5.567,457.312,2.516,96.039
"Puebla","Fuentes móviles que no circulan por carretera",0.883,4.121,0.396,33.55
"Puebla","Fuentes de área",24.971,204.694,0.71,5.935
"Puebla","Fuentes móviles carreteros",0.53,36.405,0.233,9.672
"Puebla","Fuentes móviles que no circulan por carretera",0.068,0.369,0.04,1.148
"Puebla","Fuentes fijas",22.718,3.048,46.621,18.613
"Puebla","Fuentes de área",74.841,479.177,1.802,38.354
"Puebla","Fuentes móviles carreteros",55.681,2257.302,17.342,652.943
"Puebla","Fuentes móviles que no circulan por carretera",1.425,6.546,0.619,57.058
"Puebla","Fuentes de área",46.974,383.821,1.596,14.615
"Puebla","Fuentes móviles carreteros",2.636,200.734,1.137,44.395
"Puebla","Fuentes móviles que no circulan por carretera",0.13,0.708,0.077,2.199
"Puebla","Fuentes de área",92.702,772.962,2.688,24.134
"Puebla","Fuentes móviles carreteros",5.499,531.338,2.78,103.245
"Puebla","Fuentes móviles que no circulan por carretera",0.313,1.512,0.15,10.505
"Puebla","Fuentes de área",20.143,137.375,0.473,4.051
"Puebla","Fuentes móviles carreteros",0.204,66.031,0.26,10.075
"Puebla","Fuentes móviles que no circulan por carretera",0.152,0.823,0.089,2.556
"Puebla","Fuentes fijas",0.375,2.099,0,12.37
"Puebla","Fuentes de área",207.547,1601.323,5.797,71.936
"Puebla","Fuentes móviles carreteros",74.299,6970.126,37.634,1353.779
"Puebla","Fuentes móviles que no circulan por carretera",2.753,12.917,1.247,102.785
"Puebla","Fuentes de área",17.782,121.627,0.478,5.486
"Puebla","Fuentes móviles carreteros",4.337,325.241,1.844,69.657
"Puebla","Fuentes móviles que no circulan por carretera",0.11,0.595,0.065,1.849
"Puebla","Fuentes fijas",0.002,0.011,0,0.064
"Puebla","Fuentes de área",6.109,38.269,0.344,1.542
"Puebla","Fuentes móviles carreteros",0.938,48.832,0.306,11.881
"Puebla","Fuentes móviles que no circulan por carretera",0.032,0.175,0.019,0.542
"Puebla","Fuentes de área",52.685,366.897,1.328,11.742
"Puebla","Fuentes móviles carreteros",2.197,258.316,1.247,48.955
"Puebla","Fuentes móviles que no circulan por carretera",0.226,1.227,0.133,3.811
"Puebla","Fuentes de área",43.464,292.148,1.478,9.648
"Puebla","Fuentes móviles carreteros",4.583,221.712,1.473,57.946
"Puebla","Fuentes móviles que no circulan por carretera",0.394,2.141,0.233,6.65
"Puebla","Fuentes de área",4.472,27.977,0.1,0.912
"Puebla","Fuentes móviles carreteros",0.155,73.794,0.288,11.077
"Puebla","Fuentes móviles que no circulan por carretera",0.035,0.192,0.021,0.598
"Puebla","Fuentes de área",39.671,294.642,1.038,9.263
"Puebla","Fuentes móviles carreteros",0.658,142.717,0.62,23.68
"Puebla","Fuentes móviles que no circulan por carretera",0.275,1.495,0.162,4.646
"Puebla","Fuentes de área",38.317,292.718,1.096,10.072
"Puebla","Fuentes móviles carreteros",5.166,394.803,2.219,85.506
"Puebla","Fuentes móviles que no circulan por carretera",0.179,0.97,0.105,3.014
"Puebla","Fuentes de área",28.37,201.586,0.705,5.721
"Puebla","Fuentes móviles carreteros",0.678,66.56,0.326,12.645
"Puebla","Fuentes móviles que no circulan por carretera",0.149,0.811,0.088,2.519
"Puebla","Fuentes de área",14.852,123.961,0.427,3.447
"Puebla","Fuentes móviles carreteros",0.004,2.312,0.009,0.35
"Puebla","Fuentes móviles que no circulan por carretera",0.025,0.135,0.015,0.418
"Puebla","Fuentes de área",17.681,147.085,0.507,4.262
"Puebla","Fuentes móviles carreteros",0.058,34.471,0.13,5.035
"Puebla","Fuentes móviles que no circulan por carretera",0.029,0.159,0.017,0.495
"Puebla","Fuentes de área",4.358,33.27,0.115,0.965
"Puebla","Fuentes móviles carreteros",0.005,2.892,0.012,0.444
"Puebla","Fuentes móviles que no circulan por carretera",0.026,0.142,0.015,0.441
"Puebla","Fuentes de área",17.833,124.466,0.46,4.324
"Puebla","Fuentes móviles carreteros",0.616,100.763,0.456,18.086
"Puebla","Fuentes móviles que no circulan por carretera",0.133,0.72,0.078,2.237
"Puebla","Fuentes de área",10.293,70.369,0.251,2.044
"Puebla","Fuentes móviles carreteros",0.169,21.749,0.107,4.332
"Puebla","Fuentes móviles que no circulan por carretera",0.06,0.327,0.036,1.016
"Puebla","Fuentes de área",29.213,214.14,0.769,7.38
"Puebla","Fuentes móviles carreteros",0.541,122.561,0.537,21.023
"Puebla","Fuentes móviles que no circulan por carretera",0.103,0.558,0.061,1.735
"Puebla","Fuentes fijas",0.678,4.456,0.032,5.306
"Puebla","Fuentes de área",1918.602,4582.703,16.753,150.29
"Puebla","Fuentes móviles carreteros",66.255,1600.657,16.358,604.296
"Puebla","Fuentes móviles que no circulan por carretera",0.112,0.607,0.066,1.887
"Puebla","Fuentes de área",64.464,475.582,2.17,16.789
"Puebla","Fuentes móviles carreteros",5.22,464.273,2.528,95.861
"Puebla","Fuentes móviles que no circulan por carretera",1.62,7.451,0.706,64.643
"Puebla","Fuentes de área",94.321,650.692,2.628,20.044
"Puebla","Fuentes móviles carreteros",1.032,97.851,0.513,20.342
"Puebla","Fuentes móviles que no circulan por carretera",0.252,1.367,0.149,4.248
"Puebla","Fuentes de área",12.594,68.049,0.236,2.35
"Puebla","Fuentes móviles carreteros",0.746,96.385,0.456,17.059
"Puebla","Fuentes móviles que no circulan por carretera",0.198,1.073,0.117,3.333
"Puebla","Fuentes de área",10.836,74.589,0.267,3.934
"Puebla","Fuentes móviles carreteros",5.018,351.489,2.066,77.932
"Puebla","Fuentes móviles que no circulan por carretera",0.648,2.941,0.275,26.979
"Puebla","Fuentes de área",51.17,421.79,1.464,12.062
"Puebla","Fuentes móviles carreteros",0.257,107.141,0.445,17.226
"Puebla","Fuentes móviles que no circulan por carretera",0.117,0.633,0.069,1.968
"Puebla","Fuentes fijas",20.483,571.871,44.68,360.378
"Puebla","Fuentes de área",25.191,169.819,0.711,6.175
"Puebla","Fuentes móviles carreteros",3.234,248.143,1.457,57.404
"Puebla","Fuentes móviles que no circulan por carretera",0.229,1.245,0.135,3.866
"Puebla","Fuentes fijas",589.436,723.002,10.813,666.482
"Puebla","Fuentes de área",27.594,131.503,0.648,51.652
"Puebla","Fuentes móviles carreteros",79.321,4183.771,28.155,1002.248
"Puebla","Fuentes móviles que no circulan por carretera",0.053,0.286,0.031,0.889
"Puebla","Fuentes de área",21.204,144.824,0.513,4.228
"Puebla","Fuentes móviles carreteros",0.475,64.582,0.296,11.04
"Puebla","Fuentes móviles que no circulan por carretera",0.167,0.908,0.099,2.822
"Puebla","Fuentes de área",208.777,1741.717,6.032,51.76
"Puebla","Fuentes móviles carreteros",5.257,456.216,2.507,93.487
"Puebla","Fuentes móviles que no circulan por carretera",0.457,2.479,0.269,7.703
"Puebla","Fuentes de área",111.72,552.994,1.709,19.108
"Puebla","Fuentes móviles carreteros",9.961,555.763,3.56,135.442
"Puebla","Fuentes móviles que no circulan por carretera",2.616,12.854,1.292,81.636
"Puebla","Fuentes de área",100.207,669.837,3.942,29.813
"Puebla","Fuentes móviles carreteros",22.508,1350.134,8.367,308.843
"Puebla","Fuentes móviles que no circulan por carretera",2.262,11.146,1.123,69.69
"Puebla","Fuentes de área",29.413,153.168,0.675,6.297
"Puebla","Fuentes móviles carreteros",1.71,143.327,0.795,31.548
"Puebla","Fuentes móviles que no circulan por carretera",1.025,4.595,0.425,44.151
"Puebla","Fuentes de área",77.325,483.107,1.851,17.163
"Puebla","Fuentes móviles carreteros",6.148,711.023,3.551,132.69
"Puebla","Fuentes móviles que no circulan por carretera",0.47,2.551,0.277,7.925
"Puebla","Fuentes de área",42.594,319.715,1.115,11.844
"Puebla","Fuentes móviles carreteros",7.167,554.102,3.181,125.026
"Puebla","Fuentes móviles que no circulan por carretera",0.231,1.254,0.136,3.896
"Puebla","Fuentes de área",80.082,673.441,2.325,18.794
"Puebla","Fuentes móviles carreteros",0.182,51.898,0.209,8.132
"Puebla","Fuentes móviles que no circulan por carretera",0.126,0.683,0.074,2.121
"Puebla","Fuentes de área",111.717,920.708,3.193,25.852
"Puebla","Fuentes móviles carreteros",0.928,60.884,0.369,14.706
"Puebla","Fuentes móviles que no circulan por carretera",0.203,1.103,0.12,3.426
"Puebla","Fuentes fijas",1308.175,372.699,0,223.62
"Puebla","Fuentes de área",116.056,816.779,5.854,33.183
"Puebla","Fuentes móviles carreteros",11.454,1195.582,6.175,233.82
"Puebla","Fuentes móviles que no circulan por carretera",1.879,8.879,0.862,68.457
"Puebla","Fuentes de área",5.351,42.013,0.15,2.313
"Puebla","Fuentes móviles carreteros",0.019,12.717,0.052,2.049
"Puebla","Fuentes móviles que no circulan por carretera",0.019,0.105,0.011,0.326
"Puebla","Fuentes de área",373.377,2019.508,7.16,66.986
"Puebla","Fuentes móviles carreteros",53.558,1502.993,13.595,501.431
"Puebla","Fuentes móviles que no circulan por carretera",1.363,7.402,0.804,22.994
"Puebla","Fuentes fijas",0.102,0.571,0,3.366
"Puebla","Fuentes de área",84.153,649.622,2.429,23.761
"Puebla","Fuentes móviles carreteros",7.198,520.029,3.12,113.958
"Puebla","Fuentes móviles que no circulan por carretera",19.499,117.641,8.448,249.158
"Puebla","Fuentes de área",52.367,537.149,4.072,16.171
"Puebla","Fuentes móviles carreteros",4.681,376.322,2.074,80.433
"Puebla","Fuentes móviles que no circulan por carretera",0.059,0.323,0.035,1.003
"Puebla","Fuentes de área",7.057,55.725,0.193,1.656
"Puebla","Fuentes móviles carreteros",0.086,46.149,0.188,7.309
"Puebla","Fuentes móviles que no circulan por carretera",0.019,0.102,0.011,0.318
"Puebla","Fuentes de área",39.511,304.622,1.073,9.019
"Puebla","Fuentes móviles carreteros",5.592,98.364,1.199,42.35
"Puebla","Fuentes móviles que no circulan por carretera",0.168,0.913,0.099,2.837
"Puebla","Fuentes de área",94.398,773.416,3.275,22.576
"Puebla","Fuentes móviles carreteros",3.518,194.859,1.236,47.703
"Puebla","Fuentes móviles que no circulan por carretera",0.296,1.605,0.174,4.985
"Puebla","Fuentes de área",8.538,51.566,0.187,1.803
"Puebla","Fuentes móviles carreteros",2.955,166.972,1.061,38.819
"Puebla","Fuentes móviles que no circulan por carretera",1.012,6.1,0.445,12.686
"Puebla","Fuentes de área",15.007,112.998,0.399,4.224
"Puebla","Fuentes móviles carreteros",2.013,193.012,1.011,39.029
"Puebla","Fuentes móviles que no circulan por carretera",0.073,0.395,0.043,1.226
"Puebla","Fuentes de área",72.85,588.792,2.043,16.357
"Puebla","Fuentes móviles carreteros",0.013,7.437,0.028,1.111
"Puebla","Fuentes móviles que no circulan por carretera",0.264,1.433,0.156,4.452
"Puebla","Fuentes de área",22.622,161.398,0.846,5.613
"Puebla","Fuentes móviles carreteros",1.067,157.164,0.731,27.232
"Puebla","Fuentes móviles que no circulan por carretera",0.104,0.566,0.061,1.758
"Puebla","Fuentes de área",26.967,158.322,0.588,7.481
"Puebla","Fuentes móviles carreteros",7.929,403.776,2.734,104.204
"Puebla","Fuentes móviles que no circulan por carretera",1.723,7.963,0.758,67.684
"Puebla","Fuentes de área",90.546,640.838,2.258,19.028
"Puebla","Fuentes móviles carreteros",2.568,179.254,1.024,38.719
"Puebla","Fuentes móviles que no circulan por carretera",1.018,5.528,0.601,17.175
"Puebla","Fuentes de área",34.431,219.462,0.774,9.201
"Puebla","Fuentes móviles carreteros",6.489,512.609,2.911,114.03
"Puebla","Fuentes móviles que no circulan por carretera",0.359,1.948,0.212,6.051
"Puebla","Fuentes de área",29.549,200.195,0.714,6.24
"Puebla","Fuentes móviles carreteros",3.295,371.888,1.861,72.562
"Puebla","Fuentes móviles que no circulan por carretera",0.255,1.385,0.15,4.302
"Puebla","Fuentes de área",38.261,225.04,0.91,9.526
"Puebla","Fuentes móviles carreteros",7.742,335.776,2.424,92.926
"Puebla","Fuentes móviles que no circulan por carretera",0.47,2.554,0.278,7.934
"Puebla","Fuentes de área",41.34,344.987,1.193,9.763
"Puebla","Fuentes móviles carreteros",0.819,15.113,0.203,7.657
"Puebla","Fuentes móviles que no circulan por carretera",0.087,0.47,0.051,1.46
"Puebla","Fuentes de área",114.444,758.282,2.861,24.348
"Puebla","Fuentes móviles carreteros",5.062,743.994,3.44,132.27
"Puebla","Fuentes móviles que no circulan por carretera",4.155,23.674,1.888,75.435
"Puebla","Fuentes de área",33.538,256.587,0.892,7.911
"Puebla","Fuentes móviles carreteros",0.999,174.376,0.759,29.3
"Puebla","Fuentes móviles que no circulan por carretera",0.161,0.875,0.095,2.718
"Puebla","Fuentes fijas",0,3.483,2.962,64.47
"Puebla","Fuentes de área",162.5,1306.323,4.675,53.563
"Puebla","Fuentes móviles carreteros",91.653,3231.249,26.683,979.921
"Puebla","Fuentes móviles que no circulan por carretera",0.2,1.083,0.118,3.365
"Puebla","Fuentes de área",88.97,740.069,2.585,21.033
"Puebla","Fuentes móviles carreteros",0.313,71.808,0.305,11.552
"Puebla","Fuentes móviles que no circulan por carretera",0.761,4.53,0.349,9.94
"Puebla","Fuentes de área",41.116,290.406,1.153,9.301
"Puebla","Fuentes móviles carreteros",1.614,230.11,1.106,43.221
"Puebla","Fuentes móviles que no circulan por carretera",0.187,1.014,0.11,3.149
"Puebla","Fuentes fijas",38.182,477.981,175.461,3184.815
"Puebla","Fuentes de área",85.408,522.288,1.991,38.716
"Puebla","Fuentes móviles carreteros",56.563,2440.12,18.233,692.192
"Puebla","Fuentes móviles que no circulan por carretera",1.278,6.127,0.603,44.14
"Puebla","Fuentes de área",53.058,434.841,1.51,13.447
"Puebla","Fuentes móviles carreteros",2.088,141.299,0.841,31.196
"Puebla","Fuentes móviles que no circulan por carretera",0.129,0.7,0.076,2.174
"Puebla","Fuentes fijas",0.014,0.077,0,0.455
"Puebla","Fuentes de área",115.176,889.758,3.09,27.317
"Puebla","Fuentes móviles carreteros",4.212,461.398,2.311,87.35
"Puebla","Fuentes móviles que no circulan por carretera",0.754,4.093,0.445,12.717
"Puebla","Fuentes de área",28.799,236.291,0.818,6.641
"Puebla","Fuentes móviles carreteros",0.096,11.164,0.054,2.127
"Puebla","Fuentes móviles que no circulan por carretera",0.074,0.399,0.043,1.241
"Puebla","Fuentes de área",81.304,686.652,2.377,19.179
"Puebla","Fuentes móviles carreteros",0.374,67.738,0.286,11.271
"Puebla","Fuentes móviles que no circulan por carretera",0.132,0.719,0.078,2.234
"Puebla","Fuentes de área",13.597,85.334,0.336,3.592
"Puebla","Fuentes móviles carreteros",2.635,224.809,1.226,46.498
"Puebla","Fuentes móviles que no circulan por carretera",0.117,0.637,0.069,1.98
"Puebla","Fuentes de área",14.679,121.507,0.42,3.401
"Puebla","Fuentes móviles carreteros",0.002,1.075,0.004,0.163
"Puebla","Fuentes móviles que no circulan por carretera",0.029,0.159,0.017,0.494
"Puebla","Fuentes de área",22.553,154.847,0.55,4.588
"Puebla","Fuentes móviles carreteros",0.841,56.24,0.358,14.376
"Puebla","Fuentes móviles que no circulan por carretera",0.152,0.825,0.09,2.563
"Puebla","Fuentes de área",18.083,105.874,0.385,6.159
"Puebla","Fuentes móviles carreteros",4.181,357.259,1.978,76.68
"Puebla","Fuentes móviles que no circulan por carretera",0.227,1.23,0.134,3.821
"Puebla","Fuentes de área",155.077,1206.906,5.414,35.125
"Puebla","Fuentes móviles carreteros",7.298,497.842,2.914,113.662
"Puebla","Fuentes móviles que no circulan por carretera",0.782,4.246,0.461,13.192
"Puebla","Fuentes de área",35.582,299.135,1.032,8.452
"Puebla","Fuentes móviles carreteros",0.215,35.913,0.157,6.016
"Puebla","Fuentes móviles que no circulan por carretera",0.049,0.267,0.029,0.83
"Puebla","Fuentes fijas",1.492,0.787,81.247,4.615
"Puebla","Fuentes de área",170.622,1155.425,6.935,52.688
"Puebla","Fuentes móviles carreteros",41.114,3317.757,18.697,664.098
"Puebla","Fuentes móviles que no circulan por carretera",2.211,10.602,1.043,76.299
"Puebla","Fuentes de área",68.471,534.869,1.911,15.471
"Puebla","Fuentes móviles carreteros",0.748,103.125,0.484,19.373
"Puebla","Fuentes móviles que no circulan por carretera",0.268,1.452,0.158,4.512
"Puebla","Fuentes de área",79.792,571.418,2.055,17.005
"Puebla","Fuentes móviles carreteros",1.751,149.777,0.796,29.566
"Puebla","Fuentes móviles que no circulan por carretera",0.364,1.976,0.215,6.138
"Puebla","Fuentes de área",24.934,191.108,0.667,5.599
"Puebla","Fuentes móviles carreteros",0.083,40.139,0.153,5.982
"Puebla","Fuentes móviles que no circulan por carretera",0.148,0.804,0.087,2.497
"Puebla","Fuentes de área",62.531,504.542,1.744,14.737
"Puebla","Fuentes móviles carreteros",0.774,44.792,0.287,11.277
"Puebla","Fuentes móviles que no circulan por carretera",0.237,1.284,0.14,3.99
"Puebla","Fuentes de área",605.378,1492.357,5.466,50.786
"Puebla","Fuentes móviles carreteros",20.607,857.337,6.364,238.855
"Puebla","Fuentes móviles que no circulan por carretera",0.08,0.437,0.047,1.356
"Puebla","Fuentes de área",6.867,54.716,0.2,3.845
"Puebla","Fuentes móviles carreteros",1.543,351.573,1.595,58.874
"Puebla","Fuentes móviles que no circulan por carretera",0.002,0.013,0.001,0.04
"Puebla","Fuentes de área",27.425,197.415,0.687,6.516
"Puebla","Fuentes móviles carreteros",1.284,101.655,0.535,20.566
"Puebla","Fuentes móviles que no circulan por carretera",0.647,3.818,0.306,8.722
"Puebla","Fuentes de área",52.722,446.846,2.67,13.444
"Puebla","Fuentes móviles carreteros",7.303,165.215,1.68,64.152
"Puebla","Fuentes móviles que no circulan por carretera",0.274,1.486,0.161,4.616
"Puebla","Fuentes de área",104.061,789.996,4.647,29.704
"Puebla","Fuentes móviles carreteros",13.743,957.628,5.629,214.177
"Puebla","Fuentes móviles que no circulan por carretera",2.836,13.354,1.293,104.56
"Puebla","Fuentes de área",1.888,13.32,0.046,0.435
"Puebla","Fuentes móviles carreteros",0.011,6.722,0.026,1.008
"Puebla","Fuentes móviles que no circulan por carretera",0.014,0.074,0.008,0.231
"Puebla","Fuentes de área",9.668,45.377,0.167,1.94
"Puebla","Fuentes móviles carreteros",0.336,64.155,0.282,10.821
"Puebla","Fuentes móviles que no circulan por carretera",1.18,5.388,0.507,48.275
"Puebla","Fuentes de área",3.756,25.995,0.092,1.097
"Puebla","Fuentes móviles carreteros",0.228,109.243,0.427,16.124
"Puebla","Fuentes móviles que no circulan por carretera",0.028,0.154,0.017,0.478
"Puebla","Fuentes de área",25.988,181.752,0.64,5.803
"Puebla","Fuentes móviles carreteros",1.433,240.114,1.116,44.324
"Puebla","Fuentes móviles que no circulan por carretera",0.198,1.077,0.117,3.347
"Puebla","Fuentes de área",37.82,229.075,1.034,11.185
"Puebla","Fuentes móviles carreteros",10.668,572.977,3.664,137.693
"Puebla","Fuentes móviles que no circulan por carretera",2.22,10.283,0.981,86.513
"Puebla","Fuentes de área",43.093,356.105,1.234,10.233
"Puebla","Fuentes móviles carreteros",2.187,76.39,0.609,22.212
"Puebla","Fuentes móviles que no circulan por carretera",0.101,0.551,0.06,1.711
"Puebla","Fuentes de área",16.682,136.565,0.474,4.002
"Puebla","Fuentes móviles carreteros",0.403,62.39,0.316,12.022
"Puebla","Fuentes móviles que no circulan por carretera",0.029,0.158,0.017,0.49
"Puebla","Fuentes de área",15.598,117.26,0.437,5.756
"Puebla","Fuentes móviles carreteros",8.829,537.169,3.292,124.273
"Puebla","Fuentes móviles que no circulan por carretera",0.063,0.344,0.037,1.069
"Puebla","Fuentes de área",17.577,138.506,0.484,4.656
"Puebla","Fuentes móviles carreteros",5.813,176.334,1.493,56.879
"Puebla","Fuentes móviles que no circulan por carretera",0.058,0.314,0.034,0.974
"Puebla","Fuentes fijas",19.296,4.574,532.441,49.695
"Puebla","Fuentes de área",70.088,419.447,1.475,17.857
"Puebla","Fuentes móviles carreteros",6.432,522.392,2.952,112.735
"Puebla","Fuentes móviles que no circulan por carretera",5.681,30.447,2.508,143.182
"Puebla","Fuentes de área",19.763,108.856,0.304,3.732
"Puebla","Fuentes móviles carreteros",2.77,167.2,1.034,38.634
"Puebla","Fuentes móviles que no circulan por carretera",0.216,1.174,0.128,3.647
"Puebla","Fuentes de área",37.523,299.991,1.073,13.423
"Puebla","Fuentes móviles carreteros",14.724,944.097,5.818,220.125
"Puebla","Fuentes móviles que no circulan por carretera",0.057,0.308,0.033,0.956
"Puebla","Fuentes de área",59.216,490.902,1.704,13.899
"Puebla","Fuentes móviles carreteros",0.018,10.987,0.042,1.534
"Puebla","Fuentes móviles que no circulan por carretera",0.127,0.688,0.075,2.136
"Puebla","Fuentes de área",52.57,383.785,2.435,15.134
"Puebla","Fuentes móviles carreteros",6.393,435.921,2.629,99.613
"Puebla","Fuentes móviles que no circulan por carretera",0.803,4.016,0.41,23.059
"Puebla","Fuentes fijas",0.507,5.602,0.04,6.669
"Puebla","Fuentes de área",87.21,738.06,2.565,23.831
"Puebla","Fuentes móviles carreteros",2.52,251.638,1.342,52.856
"Puebla","Fuentes móviles que no circulan por carretera",0.096,0.522,0.057,1.622
"Puebla","Fuentes fijas",111.863,170.481,915.886,2210.557
"Puebla","Fuentes de área",103.856,639.473,2.237,25.162
"Puebla","Fuentes móviles carreteros",9.881,793.583,4.348,166.147
"Puebla","Fuentes móviles que no circulan por carretera",1.231,6.682,0.726,20.759
"Puebla","Fuentes de área",94.812,764.134,2.661,22.357
"Puebla","Fuentes móviles carreteros",2.531,178.427,1.069,42.344
"Puebla","Fuentes móviles que no circulan por carretera",0.318,1.729,0.188,5.371
"Puebla","Fuentes de área",46.431,333.161,1.168,10.178
"Puebla","Fuentes móviles carreteros",4.352,523.415,2.58,100.205
"Puebla","Fuentes móviles que no circulan por carretera",0.22,1.196,0.13,3.715
"Puebla","Fuentes de área",20.011,130.591,0.475,4.254
"Puebla","Fuentes móviles carreteros",2.665,386.117,1.851,71.982
"Puebla","Fuentes móviles que no circulan por carretera",0.169,0.915,0.099,2.843
"Puebla","Fuentes fijas",100.768,256.236,534.28,1096.183
"Puebla","Fuentes de área",481.563,3328.264,14.701,543.618
"Puebla","Fuentes móviles carreteros",1214.205,84020.756,518.146,18920.906
"Puebla","Fuentes móviles que no circulan por carretera",3.276,281.039,7.791,144.984
"Puebla","Fuentes fijas",0.709,6.317,0.045,7.52
"Puebla","Fuentes de área",79.236,579.322,2.034,23.694
"Puebla","Fuentes móviles carreteros",27.711,1216.942,8.685,328.926
"Puebla","Fuentes móviles que no circulan por carretera",0.453,2.457,0.267,7.632
"Puebla","Fuentes de área",94.528,783.693,2.726,22.192
"Puebla","Fuentes móviles carreteros",1.982,169.637,0.922,36.37
"Puebla","Fuentes móviles que no circulan por carretera",1.659,7.757,0.531,68.309
"Puebla","Fuentes fijas",26.565,6.34,732.76,68.675
"Puebla","Fuentes de área",12.571,40.912,0.159,5.053
"Puebla","Fuentes móviles carreteros",10.726,485.627,3.443,124.721
"Puebla","Fuentes móviles que no circulan por carretera",61.642,373.665,26.62,758.367
"Puebla","Fuentes de área",30.514,214.262,0.757,9.923
"Puebla","Fuentes móviles carreteros",22.822,1060.706,7.374,280.58
"Puebla","Fuentes móviles que no circulan por carretera",0.171,0.93,0.101,2.888
"Puebla","Fuentes fijas",2.365,6.483,14.953,11.061
"Puebla","Fuentes de área",53.43,352.503,1.388,50.039
"Puebla","Fuentes móviles carreteros",118.759,8602.71,51.393,1858.085
"Puebla","Fuentes móviles que no circulan por carretera",0.075,0.409,0.044,1.269
"Puebla","Fuentes de área",25.963,218.616,0.757,6.17
"Puebla","Fuentes móviles carreteros",0.559,67.79,0.331,12.3
"Puebla","Fuentes móviles que no circulan por carretera",0.034,0.182,0.02,0.565
"Puebla","Fuentes de área",6.317,46.832,0.164,1.401
"Puebla","Fuentes móviles carreteros",0.098,11.755,0.054,2.158
"Puebla","Fuentes móviles que no circulan por carretera",0.029,0.16,0.017,0.497
"Puebla","Fuentes de área",21.576,162.568,0.637,6.082
"Puebla","Fuentes móviles carreteros",1.524,311.432,1.338,50.865
"Puebla","Fuentes móviles que no circulan por carretera",0.131,0.712,0.077,2.213
"Puebla","Fuentes de área",23.041,188.576,0.654,5.285
"Puebla","Fuentes móviles carreteros",0.002,1.291,0.005,0.186
"Puebla","Fuentes móviles que no circulan por carretera",0.071,0.387,0.042,1.203
"Puebla","Fuentes de área",47.016,369.487,1.352,13.673
"Puebla","Fuentes móviles carreteros",5.877,405.305,2.368,90.973
"Puebla","Fuentes móviles que no circulan por carretera",0.55,3.257,0.257,7.335
"Puebla","Fuentes de área",7.779,51.673,0.211,5.109
"Puebla","Fuentes móviles carreteros",13.453,694.761,4.616,169.922
"Puebla","Fuentes móviles que no circulan por carretera",0.052,0.282,0.031,0.875
"Puebla","Fuentes de área",17.47,119.981,0.426,4.074
"Puebla","Fuentes móviles carreteros",2.09,223.938,1.114,42.289
"Puebla","Fuentes móviles que no circulan por carretera",0.149,0.81,0.088,2.515
"Puebla","Fuentes de área",18.593,150.555,0.527,4.464
"Puebla","Fuentes móviles carreteros",1.419,190.055,0.913,35.588
"Puebla","Fuentes móviles que no circulan por carretera",0.033,0.179,0.019,0.557
"Puebla","Fuentes fijas",9.292,7.355,0.053,8.756
"Puebla","Fuentes de área",22.653,99.626,0.41,6.127
"Puebla","Fuentes móviles carreteros",1.654,200.528,0.992,37.114
"Puebla","Fuentes móviles que no circulan por carretera",1.45,6.809,0.658,53.934
"Puebla","Fuentes de área",60.168,480.272,1.745,14.701
"Puebla","Fuentes móviles carreteros",2.874,274.16,1.449,56.348
"Puebla","Fuentes móviles que no circulan por carretera",0.123,0.665,0.072,2.067
"Puebla","Fuentes de área",14.997,70.362,0.233,2.758
"Puebla","Fuentes móviles carreteros",3.245,114.409,0.894,32.436
"Puebla","Fuentes móviles que no circulan por carretera",0.841,3.961,0.384,30.977
"Puebla","Fuentes de área",4.385,29.987,0.108,1.423
"Puebla","Fuentes móviles carreteros",0.304,41.316,0.186,7.546
"Puebla","Fuentes móviles que no circulan por carretera",2.794,16.927,1.209,34.438
"Puebla","Fuentes fijas",20.027,390.485,124.589,2335.365
"Puebla","Fuentes de área",78.105,460.167,1.835,50.899
"Puebla","Fuentes móviles carreteros",86.68,7216.747,40.44,1472.741
"Puebla","Fuentes móviles que no circulan por carretera",1.075,5.061,0.49,39.583
"Puebla","Fuentes de área",3.147,15.999,0.074,0.615
"Puebla","Fuentes móviles carreteros",0.017,10.28,0.039,1.541
"Puebla","Fuentes móviles que no circulan por carretera",0.038,0.208,0.023,0.647
"Puebla","Fuentes fijas",0.259,0.06,7.162,0.66
"Puebla","Fuentes de área",18.264,103.504,0.378,7.297
"Puebla","Fuentes móviles carreteros",7.113,591.14,3.314,126.209
"Puebla","Fuentes móviles que no circulan por carretera",0.239,1.295,0.141,4.023
"Puebla","Fuentes de área",4.081,29.179,0.103,1.128
"Puebla","Fuentes móviles carreteros",0.189,20.823,0.102,3.985
"Puebla","Fuentes móviles que no circulan por carretera",0.026,0.142,0.015,0.443
"Puebla","Fuentes fijas",20.259,223.976,1.619,266.875
"Puebla","Fuentes de área",4.442,28.654,0.119,5.402
"Puebla","Fuentes móviles carreteros",8.409,383.901,2.691,94.402
"Puebla","Fuentes móviles que no circulan por carretera",0.022,0.119,0.013,0.371
"Puebla","Fuentes de área",40.433,182.055,0.761,7.586
"Puebla","Fuentes móviles carreteros",2.759,192.963,1.125,43.012
"Puebla","Fuentes móviles que no circulan por carretera",0.737,4.002,0.435,12.432
"Puebla","Fuentes de área",48.718,526.049,4.829,18.029
"Puebla","Fuentes móviles carreteros",6.528,411.561,2.513,92.51
"Puebla","Fuentes móviles que no circulan por carretera",0.079,0.428,0.047,1.33
"Puebla","Fuentes de área",15.657,121.722,0.426,3.703
"Puebla","Fuentes móviles carreteros",0.981,155.57,0.711,27.66
"Puebla","Fuentes móviles que no circulan por carretera",0.057,0.307,0.033,0.953
"Puebla","Fuentes fijas",1.357,1.611,34.663,7.444
"Puebla","Fuentes de área",3108.557,7499.085,27.551,263.471
"Puebla","Fuentes móviles carreteros",120.35,6429.358,43.174,1594.973
"Puebla","Fuentes móviles que no circulan por carretera",1.647,7.451,0.694,69.207
"Puebla","Fuentes de área",14.622,108.257,0.381,3.4
"Puebla","Fuentes móviles carreteros",1.242,210.434,0.967,37.687
"Puebla","Fuentes móviles que no circulan por carretera",0.078,0.422,0.046,1.311
"Puebla","Fuentes de área",102.579,830.359,5.956,32.495
"Puebla","Fuentes móviles carreteros",9.752,585.932,3.626,137.696
"Puebla","Fuentes móviles que no circulan por carretera",1.386,6.973,0.715,38.675
"Puebla","Fuentes fijas",0.002,0.033,0.037,0.131
"Puebla","Fuentes de área",76.027,715.575,5.038,27.199
"Puebla","Fuentes móviles carreteros",14.914,842.606,5.447,205.333
"Puebla","Fuentes móviles que no circulan por carretera",0.223,1.212,0.132,3.765
"Puebla","Fuentes fijas",20.055,5.103,553.85,51.059
"Puebla","Fuentes de área",15.232,110.712,0.408,7.952
"Puebla","Fuentes móviles carreteros",17.264,596.063,4.843,180.81
"Puebla","Fuentes móviles que no circulan por carretera",0.078,0.425,0.046,1.322
"Puebla","Fuentes de área",95.395,677.024,2.581,19.996
"Puebla","Fuentes móviles carreteros",0.146,8.987,0.06,2.54
"Puebla","Fuentes móviles que no circulan por carretera",0.49,2.659,0.289,8.26
"Puebla","Fuentes de área",3.987,30.057,0.106,1.378
"Puebla","Fuentes móviles carreteros",0.098,13.045,0.063,2.513
"Puebla","Fuentes móviles que no circulan por carretera",0.02,0.111,0.012,0.344
"Puebla","Fuentes de área",34.681,251.4,0.878,8.65
"Puebla","Fuentes móviles carreteros",0.761,119.667,0.559,21.968
"Puebla","Fuentes móviles que no circulan por carretera",0.201,1.093,0.119,3.396
"Puebla","Fuentes de área",20.581,156.782,0.553,5.346
"Puebla","Fuentes móviles carreteros",4.04,501.287,2.419,92.433
"Puebla","Fuentes móviles que no circulan por carretera",0.107,0.582,0.063,1.81
"Puebla","Fuentes fijas",0.113,1.078,0.677,5.209
"Puebla","Fuentes de área",54.57,323.539,1.176,14.702
"Puebla","Fuentes móviles carreteros",7.264,359.667,2.37,87.061
"Puebla","Fuentes móviles que no circulan por carretera",0.949,4.351,0.411,38.206
"Puebla","Fuentes de área",42.431,321.125,1.137,9.355
"Puebla","Fuentes móviles carreteros",0.764,111.204,0.504,19.784
"Puebla","Fuentes móviles que no circulan por carretera",0.148,0.805,0.087,2.501
"Puebla","Fuentes de área",10.789,73.727,0.271,3.839
"Puebla","Fuentes móviles carreteros",7.802,484.532,2.964,114.024
"Puebla","Fuentes móviles que no circulan por carretera",0.071,0.384,0.042,1.192
"Puebla","Fuentes de área",35.604,240.271,0.853,8.239
"Puebla","Fuentes móviles carreteros",5.155,317.532,1.928,74.239
"Puebla","Fuentes móviles que no circulan por carretera",0.308,1.671,0.182,5.19
"Puebla","Fuentes de área",32.814,215.279,0.809,11.708
"Puebla","Fuentes móviles carreteros",14.306,802.89,5.126,191.945
"Puebla","Fuentes móviles que no circulan por carretera",0.327,1.807,0.185,5.3
"Puebla","Fuentes de área",104.052,668.144,2.669,38.908
"Puebla","Fuentes móviles carreteros",65.174,2809.384,20.344,756.599
"Puebla","Fuentes móviles que no circulan por carretera",1.768,8.577,0.853,58.181
"Puebla","Fuentes de área",21.807,132.525,0.485,4.765
"Puebla","Fuentes móviles carreteros",3.585,376.373,1.948,74.17
"Puebla","Fuentes móviles que no circulan por carretera",0.249,1.352,0.147,4.201
"Puebla","Fuentes fijas",5.326,1.563,110.174,13.791
"Puebla","Fuentes de área",238.015,1761.699,6.592,140.281
"Puebla","Fuentes móviles carreteros",243.424,12856.684,86.002,3120.905
"Puebla","Fuentes móviles que no circulan por carretera",17.347,99.639,7.322,321.683
"Puebla","Fuentes de área",51.825,321.887,1.15,10.485
"Puebla","Fuentes móviles carreteros",4.869,543.637,2.737,105.209
"Puebla","Fuentes móviles que no circulan por carretera",0.292,1.585,0.172,4.924
"Puebla","Fuentes de área",46.174,321.235,1.157,9.733
"Puebla","Fuentes móviles carreteros",0.869,99.113,0.477,17.863
"Puebla","Fuentes móviles que no circulan por carretera",0.379,2.057,0.223,6.389
"Puebla","Fuentes de área",26.091,202.976,0.715,8.346
"Puebla","Fuentes móviles carreteros",1.383,81.122,0.511,19.78
"Puebla","Fuentes móviles que no circulan por carretera",0.078,0.423,0.046,1.315
"Puebla","Fuentes de área",14.407,98.465,0.355,3.074
"Puebla","Fuentes móviles carreteros",0.904,112.961,0.539,20.829
"Puebla","Fuentes móviles que no circulan por carretera",0.077,0.42,0.046,1.304
"Puebla","Fuentes fijas",0.017,0.094,0,0.556
"Puebla","Fuentes de área",58.475,405.945,1.531,18.841
"Puebla","Fuentes móviles carreteros",12.614,686.246,4.492,173.011
"Puebla","Fuentes móviles que no circulan por carretera",1.056,5.06,0.498,36.469
"Puebla","Fuentes de área",18.05,150.375,0.519,4.45
"Puebla","Fuentes móviles carreteros",0.232,26.746,0.13,4.614
"Puebla","Fuentes móviles que no circulan por carretera",0.028,0.15,0.016,0.467
"Puebla","Fuentes de área",23.367,180.548,1.016,8.27
"Puebla","Fuentes móviles carreteros",5.157,383.8,2.175,83.538
"Puebla","Fuentes móviles que no circulan por carretera",0.152,0.825,0.09,2.562
"Puebla","Fuentes fijas",1.491,0.453,110.05,10.57
"Puebla","Fuentes de área",88.998,635.826,2.308,32.607
"Puebla","Fuentes móviles carreteros",57.694,2606.388,18.168,674.143
"Puebla","Fuentes móviles que no circulan por carretera",1.873,8.671,0.826,73.205
"Puebla","Fuentes de área",6.812,44.731,0.165,1.819
"Puebla","Fuentes móviles carreteros",0.021,12.783,0.048,1.851
"Puebla","Fuentes móviles que no circulan por carretera",0.05,0.27,0.029,0.839
"Puebla","Fuentes de área",26.931,173.902,1.113,7.167
"Puebla","Fuentes móviles carreteros",5.068,309.982,1.895,72.831
"Puebla","Fuentes móviles que no circulan por carretera",0.938,4.308,0.407,37.658
"Puebla","Fuentes de área",58.013,486.148,1.684,13.531
"Puebla","Fuentes móviles carreteros",0.178,51.245,0.209,8.22
"Puebla","Fuentes móviles que no circulan por carretera",0.077,0.418,0.045,1.298
"Puebla","Fuentes de área",43.175,237.193,0.912,8.746
"Puebla","Fuentes móviles carreteros",0.852,119.794,0.579,22.534
"Puebla","Fuentes móviles que no circulan por carretera",0.305,1.653,0.18,5.135
"Puebla","Fuentes de área",85.609,580.476,2.068,19.115
"Puebla","Fuentes móviles carreteros",10.519,707.701,4.202,160.921
"Puebla","Fuentes móviles que no circulan por carretera",0.687,3.731,0.405,11.59
"Puebla","Fuentes de área",90.776,562.93,2.826,19.415
"Puebla","Fuentes móviles carreteros",6.979,417.192,2.595,99.664
"Puebla","Fuentes móviles que no circulan por carretera",2.537,12.278,1.218,84.41
"Puebla","Fuentes de área",7.559,46.899,0.191,3.257
"Puebla","Fuentes móviles carreteros",1.227,153.059,0.727,27.676
"Puebla","Fuentes móviles que no circulan por carretera",0.067,0.361,0.039,1.122
"Puebla","Fuentes de área",159.773,1442.723,8.017,45.027
"Puebla","Fuentes móviles carreteros",14.299,783.52,5.258,198.609
"Puebla","Fuentes móviles que no circulan por carretera",0.255,1.382,0.15,4.293
"Puebla","Fuentes de área",13.657,86.479,0.31,3.685
"Puebla","Fuentes móviles carreteros",2.968,288.173,1.553,58.221
"Puebla","Fuentes móviles que no circulan por carretera",0.052,0.285,0.031,0.885
"Puebla","Fuentes fijas",14.949,5.535,0.162,17.141
"Puebla","Fuentes de área",103.375,841.237,3.039,53.52
"Puebla","Fuentes móviles carreteros",50.546,3708.811,21.839,787.352
"Puebla","Fuentes móviles que no circulan por carretera",5.141,30.861,2.229,68.617
"Puebla","Fuentes de área",43.564,368.358,1.847,11.843
"Puebla","Fuentes móviles carreteros",4.83,409.492,2.302,88.781
"Puebla","Fuentes móviles que no circulan por carretera",0.171,0.927,0.101,2.88
"Puebla","Fuentes de área",29.073,182.409,1.466,7.413
"Puebla","Fuentes móviles carreteros",2.815,333.34,1.682,61.732
"Puebla","Fuentes móviles que no circulan por carretera",0.191,1.04,0.113,3.23
"Puebla","Fuentes de área",178.58,1303.845,4.687,45.728
"Puebla","Fuentes móviles carreteros",36.805,1353.877,10.512,395.652
"Puebla","Fuentes móviles que no circulan por carretera",1.989,9.628,0.956,66.012
"Puebla","Fuentes de área",94.683,784.015,2.716,22.197
"Puebla","Fuentes móviles carreteros",0.808,48.607,0.284,10.972
"Puebla","Fuentes móviles que no circulan por carretera",0.234,1.268,0.138,3.94
"Puebla","Fuentes de área",156.095,1308.685,9.505,43.21
"Puebla","Fuentes móviles carreteros",10.047,591.693,3.713,142.37
"Puebla","Fuentes móviles que no circulan por carretera",1.117,6.064,0.659,18.84
"Puebla","Fuentes fijas",0.143,1.205,0.009,3.234
"Puebla","Fuentes de área",87.847,604.142,3.078,25.132
"Puebla","Fuentes móviles carreteros",17.905,936.947,6.375,248.486
"Puebla","Fuentes móviles que no circulan por carretera",0.65,3.528,0.383,10.96
"Puebla","Fuentes de área",16.962,67.596,0.249,3.245
"Puebla","Fuentes móviles carreteros",1.257,182.24,0.835,31.427
"Puebla","Fuentes móviles que no circulan por carretera",0.106,0.577,0.063,1.792
"Puebla","Fuentes de área",8.451,57.592,0.217,2.784
"Puebla","Fuentes móviles carreteros",6.488,227.588,1.788,64.444
"Puebla","Fuentes móviles que no circulan por carretera",0.051,0.274,0.03,0.853
"Puebla","Fuentes de área",96.72,800.925,2.762,22.666
"Puebla","Fuentes móviles carreteros",0.373,131.51,0.55,21.893
"Puebla","Fuentes móviles que no circulan por carretera",0.242,1.311,0.142,4.074
"Puebla","Fuentes de área",37.8,296.597,1.029,8.422
"Puebla","Fuentes móviles carreteros",0.126,28.038,0.116,4.569
"Puebla","Fuentes móviles que no circulan por carretera",0.139,0.756,0.082,2.348
"Puebla","Fuentes de área",31.637,194.084,0.796,8.179
"Puebla","Fuentes móviles carreteros",2.148,320.946,1.495,56.323
"Puebla","Fuentes móviles que no circulan por carretera",0.283,1.538,0.167,4.779
"Puebla","Fuentes fijas",0.198,0.089,5.459,0.674
"Puebla","Fuentes de área",190.31,1431.819,5.019,46.907
"Puebla","Fuentes móviles carreteros",15.587,1120.26,6.511,247.312
"Puebla","Fuentes móviles que no circulan por carretera",1.558,7.757,0.789,45.676
"Puebla","Fuentes de área",28.719,227.461,0.788,6.635
"Puebla","Fuentes móviles carreteros",1.297,26.78,0.343,14.219
"Puebla","Fuentes móviles que no circulan por carretera",0.15,0.815,0.089,2.533
"Puebla","Fuentes de área",92.127,735.361,2.721,21.637
"Puebla","Fuentes móviles carreteros",3.409,420.157,2.024,77.144
"Puebla","Fuentes móviles que no circulan por carretera",0.37,2.011,0.218,6.247
"Puebla","Fuentes de área",33.034,194.854,0.784,11.34
"Puebla","Fuentes móviles carreteros",11.532,717.255,4.36,164.764
"Puebla","Fuentes móviles que no circulan por carretera",0.308,1.673,0.182,5.197
"Puebla","Fuentes de área",8.657,51.912,0.235,1.869
"Puebla","Fuentes móviles carreteros",0.131,33.68,0.144,5.643
"Puebla","Fuentes móviles que no circulan por carretera",0.021,0.116,0.013,0.361
"Puebla","Fuentes de área",31.074,237.729,0.837,8.017
"Puebla","Fuentes móviles carreteros",3.205,349.204,1.84,70.551
"Puebla","Fuentes móviles que no circulan por carretera",0.1,0.542,0.059,1.683
"Puebla","Fuentes de área",35.625,286.138,0.994,8.21
"Puebla","Fuentes móviles carreteros",0.506,67.013,0.313,12.302
"Puebla","Fuentes móviles que no circulan por carretera",0.131,0.711,0.077,2.209
"Puebla","Fuentes de área",31.827,241.964,0.89,7.8
"Puebla","Fuentes móviles carreteros",2.829,179.025,1.085,43.041
"Puebla","Fuentes móviles que no circulan por carretera",0.149,0.806,0.088,2.505
"Puebla","Fuentes de área",80.096,616.16,2.178,22.038
"Puebla","Fuentes móviles carreteros",9.65,627.606,3.795,144.546
"Puebla","Fuentes móviles que no circulan por carretera",0.367,1.991,0.216,6.186
"Puebla","Fuentes de área",127.414,1005.03,3.597,28.748
"Puebla","Fuentes móviles carreteros",5.71,282.981,1.845,72.143
"Puebla","Fuentes móviles que no circulan por carretera",0.36,1.953,0.212,6.067
"Puebla","Fuentes de área",6.565,54.556,0.191,1.712
"Puebla","Fuentes móviles carreteros",0.198,71.674,0.285,11.118
"Puebla","Fuentes móviles que no circulan por carretera",0.005,0.028,0.003,0.087
"Puebla","Fuentes fijas",0,0.004,0,0.007
"Puebla","Fuentes de área",153.637,1209.017,4.264,48.512
"Puebla","Fuentes móviles carreteros",51.061,1493.639,13.419,489.193
"Puebla","Fuentes móviles que no circulan por carretera",0.505,2.743,0.298,8.521
"Puebla","Fuentes de área",7.887,49.959,0.176,1.451
"Puebla","Fuentes móviles carreteros",0.027,16.035,0.061,2.336
"Puebla","Fuentes móviles que no circulan por carretera",0.071,0.385,0.042,1.197
"Puebla","Fuentes de área",96.082,781.724,2.896,26.827
"Puebla","Fuentes móviles carreteros",16.488,710.039,5.117,191.074
"Puebla","Fuentes móviles que no circulan por carretera",0.22,1.192,0.13,3.703
"Puebla","Fuentes de área",22.384,184.426,0.815,5.788
"Puebla","Fuentes móviles carreteros",0.52,62.726,0.303,11.621
"Puebla","Fuentes móviles que no circulan por carretera",0.053,0.287,0.031,0.892
"Puebla","Fuentes de área",15.521,117.963,0.456,3.653
"Puebla","Fuentes móviles carreteros",0.574,100.561,0.452,17.356
"Puebla","Fuentes de área",62.844,531.13,1.834,15.444
"Puebla","Fuentes móviles carreteros",0.521,108.421,0.494,19.188
"Puebla","Fuentes móviles que no circulan por carretera",0.073,0.399,0.043,1.238
"Puebla","Fuentes de área",62.423,563.951,4.168,17.697
"Puebla","Fuentes móviles carreteros",1.115,187.095,0.867,32.548
"Puebla","Fuentes móviles que no circulan por carretera",0.303,1.645,0.179,5.111
"Puebla","Fuentes de área",21.45,167.574,0.588,5.719
"Puebla","Fuentes móviles carreteros",0.816,169.893,0.765,29.474
"Puebla","Fuentes móviles que no circulan por carretera",0.083,0.452,0.049,1.403
"Puebla","Fuentes de área",114.985,521.759,1.891,18.73
"Puebla","Fuentes móviles carreteros",28.419,876.56,7.402,280.151
"Puebla","Fuentes móviles que no circulan por carretera",0.804,3.814,0.372,28.862
"Puebla","Fuentes de área",24.875,156.905,0.552,4.96
"Puebla","Fuentes móviles carreteros",0.79,131.504,0.573,22.474
"Puebla","Fuentes móviles que no circulan por carretera",0.268,1.454,0.158,4.516
"Puebla","Fuentes de área",191.571,1449.131,5.126,47.036
"Puebla","Fuentes móviles carreteros",16.365,1162.352,6.839,253.925
"Puebla","Fuentes móviles que no circulan por carretera",0.242,1.316,0.143,4.089
"Puebla","Fuentes de área",261.851,2073.923,8.652,70.997
"Puebla","Fuentes móviles carreteros",60.509,1977.603,16.491,598.908
"Puebla","Fuentes móviles que no circulan por carretera",9.639,57.881,4.3,122.55
"Puebla","Fuentes de área",31.408,227.72,0.795,7.279
"Puebla","Fuentes móviles carreteros",3.776,332.67,1.844,72.628
"Puebla","Fuentes móviles que no circulan por carretera",0.119,0.648,0.07,2.012
"Puebla","Fuentes de área",23.639,198.483,0.687,5.977
"Puebla","Fuentes móviles carreteros",0.134,35.297,0.149,5.767
"Puebla","Fuentes móviles que no circulan por carretera",0.042,0.231,0.025,0.716
"Puebla","Fuentes de área",26.524,167.72,0.623,8.197
"Puebla","Fuentes móviles carreteros",7.935,653.226,3.673,139.748
"Puebla","Fuentes móviles que no circulan por carretera",0.982,4.514,0.427,39.336
"Puebla","Fuentes de área",93.388,730.254,2.561,23.879
"Puebla","Fuentes móviles carreteros",4.615,430.18,2.338,88.737
"Puebla","Fuentes móviles que no circulan por carretera",0.253,1.376,0.149,4.274
"Puebla","Fuentes de área",71.789,552.482,1.913,15.909
"Puebla","Fuentes móviles carreteros",0.913,111.291,0.543,21.254
"Puebla","Fuentes móviles que no circulan por carretera",0.448,2.43,0.264,7.548
"Puebla","Fuentes de área",52.225,391.499,1.449,14.683
"Puebla","Fuentes móviles carreteros",8.009,429.676,2.794,104.259
"Puebla","Fuentes móviles que no circulan por carretera",0.71,3.286,0.313,27.845
"Puebla","Fuentes de área",24.637,203.996,0.702,5.939
"Puebla","Fuentes móviles carreteros",0.26,30.276,0.151,6.125
"Puebla","Fuentes móviles que no circulan por carretera",0.066,0.359,0.039,1.116
"Puebla","Fuentes de área",14.955,114.951,0.4,3.308
"Puebla","Fuentes móviles carreteros",0.107,17.82,0.08,2.927
"Puebla","Fuentes móviles que no circulan por carretera",0.083,0.449,0.049,1.395
"Puebla","Fuentes de área",100.126,809.438,2.846,22.84
"Puebla","Fuentes móviles carreteros",2.479,140.282,0.867,33.158
"Puebla","Fuentes móviles que no circulan por carretera",0.243,1.321,0.144,4.103
